{
    "字符串": {
        "题目数量": 81,
        "题目均分": 97.1482404219934
    },
    "线性表": {
        "题目数量": 149,
        "题目均分": 98.63876968695621
    },
    "数组": {
        "题目数量": 212,
        "题目均分": 98.42152026026434
    },
    "查找算法": {
        "题目数量": 74,
        "题目均分": 98.13460570098181
    },
    "排序算法": {
        "题目数量": 28,
        "题目均分": 98.68795557679243
    },
    "数字操作": {
        "题目数量": 165,
        "题目均分": 99.19765200083717
    },
    "图结构": {
        "题目数量": 46,
        "题目均分": 95.22429254214549
    },
    "树结构": {
        "题目数量": 127,
        "题目均分": 96.57551430625253
    }
}